timestamp,open,high,low,close,volume
2025-04-15,570.8400,592.6600,481.9000,521.5200,279036956
2025-03-31,673.6750,681.2500,553.3000,576.3600,362861587
2025-02-28,675.9100,740.9100,641.8600,668.2000,298434126
2025-01-31,589.7200,710.7900,587.8200,689.1800,317942164
2024-12-31,577.5000,638.4000,575.5700,585.5100,263232496
2024-11-29,567.6050,599.6600,549.0500,574.3200,237811395
2024-10-31,577.9800,602.9500,561.5200,567.5800,265908326
2024-09-30,519.6400,577.4000,495.6000,572.4400,246373276
2024-08-30,521.0000,544.2300,450.8000,521.3100,323379343
2024-07-31,504.9500,542.8100,442.6500,474.8300,324021236
2024-06-28,470.8600,522.8799,468.2400,504.2200,226951165
2024-05-31,428.6000,482.4999,427.1100,466.8300,282486703
2024-04-30,487.2000,531.4899,414.5000,430.1700,436147995
2024-03-28,492.1100,523.5700,476.0000,485.5800,278473986
2024-02-29,393.9400,494.3599,393.0500,490.1300,466261632
2024-01-31,351.3200,406.3600,340.0100,390.1400,347229642
2023-12-29,325.4800,361.9000,313.6600,353.9600,334028198
2023-11-30,301.8500,342.9200,301.8500,327.1500,329354280
2023-10-31,302.7400,330.5400,279.4030,301.2700,511372074
2023-09-29,299.3700,312.8700,286.7900,300.2100,406801410
2023-08-31,317.5350,324.1400,274.3800,295.8900,424632813
2023-07-31,286.7000,326.2000,284.8499,318.6000,625339455
2023-06-30,265.9000,289.7900,258.8800,286.9800,481179600
2023-05-31,238.6150,268.6500,229.8500,264.7200,487059059
2023-04-28,208.8400,241.6850,207.1300,240.3200,439810216
2023-03-31,174.5900,212.1700,171.4300,211.9400,690450690
2023-02-28,148.0300,197.1600,147.0600,174.9400,772199855
2023-01-31,122.8200,153.1900,122.2800,148.9700,548770812
2022-12-30,119.1980,124.6700,112.4600,120.3400,653019661
2022-11-30,94.3300,118.7400,88.0900,118.1000,1063814422
2022-10-31,137.1400,142.3901,92.6000,93.1600,1114165581
2022-09-30,163.5800,171.3900,134.1201,135.6800,634744508
2022-08-31,157.2500,183.1000,155.2301,162.9300,551637733
2022-07-29,160.3100,183.8500,154.8500,159.1000,586548218
2022-06-30,196.5100,202.0300,154.2500,161.2500,686376324
2022-05-31,201.1650,224.3000,176.1100,193.6400,680370106
2022-04-29,224.5500,236.8600,169.0000,200.4700,671047219
2022-03-31,209.8700,231.1510,185.8200,222.3600,730939429
2022-02-28,314.5550,328.0000,190.2200,211.0300,1127891130
2022-01-31,338.2950,343.0854,289.0100,313.2600,426742200
2021-12-31,330.2900,352.7100,299.5000,336.3500,437947523
2021-11-30,326.0400,353.8300,323.2000,324.4600,440274313
2021-10-29,341.6100,345.0200,308.1100,323.5700,588382461
2021-09-30,379.5900,384.3300,338.1500,339.3900,338133948
2021-08-31,358.1000,382.7590,347.7000,379.3800,226135690
2021-07-30,346.8200,377.5499,334.5000,356.3000,334221334
2021-06-30,330.1500,358.1400,323.4800,347.7100,344609593
2021-05-28,326.1700,333.7800,298.1900,328.7300,353419284
2021-04-30,298.4000,331.8100,296.0400,325.0800,421280404
2021-03-31,260.8200,299.7050,253.5000,294.5300,497455263
2021-02-26,259.5200,276.6000,254.0400,257.6200,315517591
2021-01-29,274.7800,286.7900,244.6100,258.3300,452021869
2020-12-31,279.1600,291.7800,264.6300,273.1600,363610072
2020-11-30,264.6000,297.3800,257.3400,276.9700,356724889
2020-10-30,265.3500,285.2400,254.8200,263.1100,454176190
2020-09-30,294.7100,303.6000,244.1300,261.9000,499179596
2020-08-31,252.6500,304.6700,247.4300,293.2000,574266263
2020-07-31,228.5000,255.8500,226.9000,253.6700,516844579
2020-06-30,224.5900,245.1900,207.1100,227.0700,548043739
2020-05-29,201.6000,240.9000,198.7600,225.0900,509432028
2020-04-30,161.6200,209.6900,150.8300,204.7100,541538950
2020-03-31,194.0300,197.2400,137.1000,166.8000,649513169
2020-02-28,203.4400,218.7700,181.8200,192.4700,317634511
2020-01-31,206.7500,224.2000,201.0600,201.9100,347787838
2019-12-31,202.1300,208.9300,193.1700,205.2500,278225688
2019-11-29,192.8500,203.8000,188.5400,201.6400,258577372
2019-10-31,179.1500,198.0900,173.0900,191.6500,329115789
2019-09-30,184.0000,193.1000,175.6600,178.0800,267509200
2019-08-30,194.1700,198.4700,176.6600,185.6700,295147285
2019-07-31,195.2100,208.6600,191.9300,194.2300,351062381
2019-06-28,175.0000,198.8800,160.8400,193.0000,426428460
2019-05-31,194.7800,196.1800,177.1600,177.4700,286821828
2019-04-30,167.8300,198.4800,167.2800,193.4000,382184268
2019-03-29,162.6000,174.3000,159.2800,166.6900,388172717
2019-02-28,165.8400,172.4700,159.5900,161.4500,302243555
2019-01-31,128.9900,171.6800,128.5600,166.6900,527561443
2018-12-31,143.0000,147.1900,123.0200,131.0900,558786249
2018-11-30,151.5200,154.1300,126.8500,140.6100,518150415
2018-10-31,163.0300,165.8800,139.0300,151.7900,622446235
2018-09-28,173.5000,173.8900,158.8700,164.4600,500468912
2018-08-31,173.9300,188.3000,170.2700,175.7300,549016789
2018-07-31,193.3700,218.6200,166.5600,172.5800,652763259
2018-06-29,193.0700,203.5500,186.4300,194.3200,387265765
2018-05-31,172.0000,192.7200,170.2300,191.7800,401144183
2018-04-30,157.8100,177.1000,150.5100,172.0000,751130388
2018-03-29,179.0100,186.1000,149.0200,159.7900,983045332
2018-02-28,188.2200,195.3200,167.1800,178.3200,497869797
2018-01-31,177.6800,190.6600,175.8000,186.8900,464919779
2017-12-29,176.0300,182.2800,169.0100,176.4600,308647940
2017-11-30,182.3600,184.2500,174.0000,177.1800,335716436
2017-10-31,171.3900,180.8000,168.2900,180.0600,309836859
2017-09-29,172.4000,174.0000,161.5600,170.8700,300559928
2017-08-31,169.8200,173.0500,165.0000,171.9700,297781301
2017-07-31,151.7200,175.4900,147.8000,169.2500,402911091
2017-06-30,151.7500,156.5000,144.5600,150.9800,405705533
2017-05-31,151.7400,153.6000,144.4216,151.4600,390036541
2017-04-28,141.9300,151.5300,138.8100,150.2500,273330661
2017-03-31,136.4700,142.9500,136.0800,142.0500,342098632
2017-02-28,132.2500,137.1846,130.3000,135.5400,384700625
2017-01-31,116.0300,133.1400,115.5100,130.3200,379004804
2016-12-30,118.3800,122.5000,114.0000,115.0500,408728358
2016-11-30,131.4100,131.9400,113.5535,118.4200,654602125
2016-10-31,128.3800,133.5000,126.7500,130.9900,313284563
2016-09-30,126.3800,131.9800,125.6000,128.2700,376582063
2016-08-31,123.8500,126.7300,122.0700,126.1200,365670913
2016-07-29,114.2000,128.3300,112.9700,123.9400,470108473
2016-06-30,118.5000,135.6000,108.2300,114.2800,451155442
2016-05-31,117.8300,121.0800,114.8000,118.8100,460559986
2016-04-29,113.7500,120.7900,106.3100,117.5800,741613866
2016-03-31,107.8300,116.9900,104.4000,114.1000,521143963
2016-02-29,112.2700,117.5900,96.8200,106.9200,874152635
2016-01-29,101.9500,112.8400,89.3700,112.2100,792709100
2015-12-31,104.8300,107.9200,101.4600,104.6600,440479804
2015-11-30,102.4600,110.6500,100.4700,104.2400,547199822
2015-10-30,90.0500,105.1200,88.3600,101.9700,571991600
2015-09-30,86.9900,96.4900,85.7200,89.7300,634104916
2015-08-31,93.5300,98.7400,72.0000,89.4300,709770559
2015-07-31,86.7700,99.2400,85.2310,94.0100,790781334
2015-06-30,79.3000,89.4000,78.6600,85.7650,537956820
2015-05-29,79.2400,81.8450,76.7900,79.1900,421870709
2015-04-30,82.5000,85.5900,78.3200,78.7700,542124478
2015-03-31,79.0000,86.0699,77.2600,82.2150,575349997
2015-02-27,76.1100,81.3700,73.4500,78.9700,475148609
2015-01-30,78.5800,79.2455,73.5400,75.9100,546057661
2014-12-31,77.2600,82.1700,74.4000,78.0200,534690249
2014-11-28,75.4700,78.2700,72.5100,77.7000,491018048
2014-10-31,78.7800,81.1600,70.3200,74.9900,1083643275
2014-09-30,75.0100,79.7067,73.0700,79.0400,719738102
2014-08-29,72.2200,75.9900,71.5500,74.8200,589592700
2014-07-31,67.5800,76.7400,62.2100,72.6500,1025679500
2014-06-30,63.2300,68.0000,61.7900,67.2900,862067700
2014-05-30,60.4300,64.3000,56.2600,63.3000,1120155500
2014-04-30,60.4600,63.9100,54.6600,59.7800,1884621400
2014-03-31,66.9600,72.5900,57.9800,60.2400,1255440000
2014-02-28,63.0300,71.4400,60.7000,68.4600,1110774100
2014-01-31,54.8300,63.3700,51.8500,62.5700,1294714800
2013-12-31,46.9000,58.5800,46.2600,54.6490,1517533200
2013-11-29,50.8500,52.0900,43.5500,47.0100,1357311900
2013-10-31,49.9700,54.8250,45.2600,50.2050,2032635000
2013-09-30,41.8400,51.6000,41.4400,50.2300,1583083800
2013-08-30,37.3000,42.2600,36.0201,41.2940,1344994100
2013-07-31,24.9694,38.3100,24.1500,36.8000,1438017100
2013-06-28,24.2650,25.1900,22.6700,24.8800,788331500
2013-05-31,27.8500,29.0700,23.2600,24.3480,982094800
2013-04-30,25.6300,28.1000,25.1500,27.7690,738509200
2013-03-28,27.0500,28.6750,24.7200,25.5800,727180500
2013-02-28,31.0100,31.0200,26.3400,27.2500,957639800
2013-01-31,27.4400,32.5063,27.4200,30.9810,1675851700
2012-12-31,27.9999,28.8800,25.1500,26.6197,1191832200
2012-11-30,21.0800,28.0000,18.8700,28.0000,1527490200
2012-10-31,22.0800,24.2500,18.8000,21.1100,1100938300
2012-09-28,18.0800,23.3700,17.5500,21.6600,1058643700
2012-08-31,21.5000,22.4500,18.0300,18.0580,1151944900
2012-07-31,31.2500,32.8800,21.6100,21.7100,520189700
2012-06-29,28.8920,33.4500,25.5200,31.0950,667910500
